INSERT INTO musician  (first_name, last_name, alias_name) VALUES ('Dave', 'Hosking', NULL);
INSERT INTO musician (first_name, last_name, alias_name) VALUES ('Killian', 'Gavin', NULL);
INSERT INTO musician (first_name, last_name, alias_name) VALUES ('Tim', 'Hart', NULL);
INSERT INTO musician (first_name, last_name, alias_name) VALUES ('Jon', 'Hart', NULL);
INSERT INTO musician (first_name, last_name, alias_name) VALUES ('Dave', 'Symes', NULL);

INSERT INTO band (band_name) VALUES ('Boy & Bear');

INSERT INTO musician_band (musician_id, band_id) VALUES (1, 1);
INSERT INTO musician_band (musician_id, band_id) VALUES (2, 1);
INSERT INTO musician_band (musician_id, band_id) VALUES (3, 1);
INSERT INTO musician_band (musician_id, band_id) VALUES (4, 1);
INSERT INTO musician_band (musician_id, band_id) VALUES (5, 1);

INSERT INTO album (band_id, album_name) VALUES (1, 'Harlequin Dream');

INSERT INTO song (album_id, song_name, song_length) VALUES(1, 'Southern Sun', '00:04:41');
INSERT INTO song (album_id, song_name, song_length) VALUES(1, 'Old TownBlues', '00:03:24');
INSERT INTO song (album_id, song_name, song_length) VALUES(1, 'Harlequin Dream', '00:04:20');
INSERT INTO song (album_id, song_name, song_length) VALUES(1, 'Three Headed Woman', '00:04:03');
INSERT INTO song (album_id, song_name, song_length) VALUES(1, 'Bridges', '00:04:06');
INSERT INTO song (album_id, song_name, song_length) VALUES(1, 'A Moments Grace', '00:04:53');
INSERT INTO song (album_id, song_name, song_length) VALUES(1, 'End of the Line', '00:03:47');
INSERT INTO song (album_id, song_name, song_length) VALUES(1, 'Back Down the Black', '00:06:47');
INSERT INTO song (album_id, song_name, song_length) VALUES(1, 'Real Estate', '00:02:57');
INSERT INTO song (album_id, song_name, song_length) VALUES(1, 'Stranger', '00:04:57');
INSERT INTO song (album_id, song_name, song_length) VALUES(1, 'Arrow Flight', '00:04:22'); 



INSERT INTO musician  (first_name, last_name, alias_name) VALUES ('Chris', 'Cornell', NULL);
INSERT INTO musician (first_name, last_name, alias_name) VALUES ('Jeff', 'Ament', NULL);
INSERT INTO musician (first_name, last_name, alias_name) VALUES ('Matt', 'Cameron', NULL);
INSERT INTO musician (first_name, last_name, alias_name) VALUES ('Stone', 'Gossard', NULL);
INSERT INTO musician (first_name, last_name, alias_name) VALUES ('Mike', 'McCready', NULL);
INSERT INTO musician (first_name, last_name, alias_name) VALUES ('Eddy', 'Vedder', NULL);

INSERT INTO band (band_name) VALUES ('Temple of the Dog');

INSERT INTO musician_band (musician_id, band_id) VALUES (6, 2);
INSERT INTO musician_band (musician_id, band_id) VALUES (7, 2);
INSERT INTO musician_band (musician_id, band_id) VALUES (8, 2);
INSERT INTO musician_band (musician_id, band_id) VALUES (9, 2);
INSERT INTO musician_band (musician_id, band_id) VALUES (10, 2);
INSERT INTO musician_band (musician_id, band_id) VALUES (11, 2);

INSERT INTO album (band_id, album_name) VALUES (2, 'Temple of the Dog');

INSERT INTO song (album_id, song_name, song_length) VALUES(2, 'Say Hello To Heaven', '00:06:24');
INSERT INTO song (album_id, song_name, song_length) VALUES(2, 'Reach Down', '00:11:12');
INSERT INTO song (album_id, song_name, song_length) VALUES(2, 'Hunger Strike', '00:04:06');
INSERT INTO song (album_id, song_name, song_length) VALUES(2, 'Pushin Forward Back', '00:03:45');
INSERT INTO song (album_id, song_name, song_length) VALUES(2, 'Call Me A Dog', '00:05:04');
INSERT INTO song (album_id, song_name, song_length) VALUES(2, 'Times Of Trouble', '00:05:42');
INSERT INTO song (album_id, song_name, song_length) VALUES(2, 'Wooden Jesus', '00:04:10');
INSERT INTO song (album_id, song_name, song_length) VALUES(2, 'Your Savior', '00:04:04');
INSERT INTO song (album_id, song_name, song_length) VALUES(2, 'Four Walled World', '00:06:54');
INSERT INTO song (album_id, song_name, song_length) VALUES(2, 'All Night Thing', '00:03:51');




INSERT INTO musician  (first_name, last_name, alias_name) VALUES ('Kim', 'Thayil', NULL);
INSERT INTO musician (first_name, last_name, alias_name) VALUES ('Ben', 'Shepherd', NULL);


INSERT INTO band (band_name) VALUES ('Soundgarden');

INSERT INTO musician_band (musician_id, band_id) VALUES (6, 3);
INSERT INTO musician_band (musician_id, band_id) VALUES (12, 3);
INSERT INTO musician_band (musician_id, band_id) VALUES (8, 3);
INSERT INTO musician_band (musician_id, band_id) VALUES (13, 3);


INSERT INTO album (band_id, album_name) VALUES (3, 'Sumperunknown');

INSERT INTO song (album_id, song_name, song_length) VALUES(3, 'Let Me Drown', '00:03:51');
INSERT INTO song (album_id, song_name, song_length) VALUES(3, 'My Wave', '00:05:12');
INSERT INTO song (album_id, song_name, song_length) VALUES(3, 'Fell on Black Days', '00:04:42');
INSERT INTO song (album_id, song_name, song_length) VALUES(3, 'Mailman', '00:04:25');
INSERT INTO song (album_id, song_name, song_length) VALUES(3, 'Superunknown', '00:05:06');
INSERT INTO song (album_id, song_name, song_length) VALUES(3, 'Head Down', '00:06:08');
INSERT INTO song (album_id, song_name, song_length) VALUES(3, 'Black Hole Sun', '00:05:18');
INSERT INTO song (album_id, song_name, song_length) VALUES(3, 'Spoonman', '00:04:06');
INSERT INTO song (album_id, song_name, song_length) VALUES(3, 'Limo Wreck', '00:05:47');
INSERT INTO song (album_id, song_name, song_length) VALUES(3, 'The Day I Tried to Live', '00:05:19');
INSERT INTO song (album_id, song_name, song_length) VALUES(3, 'Kickstand', '00:01:34');
INSERT INTO song (album_id, song_name, song_length) VALUES(3, 'Fresh Tendrils', '00:04:16');
INSERT INTO song (album_id, song_name, song_length) VALUES(3, 'Fourth of July', '00:05:08');
INSERT INTO song (album_id, song_name, song_length) VALUES(3, 'Half', '00:02:14');
INSERT INTO song (album_id, song_name, song_length) VALUES(3, 'Like Suicide', '00:07:01');
